-- --------------------------------------------------------
-- Host:                         bees.sqlite3
-- Server version:               3.34.0
-- Server OS:                    
-- HeidiSQL Version:             11.3.0.6295
-- --------------------------------------------------------

/*!40101 SET @OLD_CHARACTER_SET_CLIENT=@@CHARACTER_SET_CLIENT */;
/*!40101 SET NAMES  */;
/*!40014 SET @OLD_FOREIGN_KEY_CHECKS=@@FOREIGN_KEY_CHECKS, FOREIGN_KEY_CHECKS=0 */;
/*!40101 SET @OLD_SQL_MODE=@@SQL_MODE, SQL_MODE='NO_AUTO_VALUE_ON_ZERO' */;
/*!40111 SET @OLD_SQL_NOTES=@@SQL_NOTES, SQL_NOTES=0 */;


-- Dumping database structure for bees
CREATE DATABASE IF NOT EXISTS "bees";
-- USE "bees" neither supported nor required;

-- Dumping structure for table bees.bees
CREATE TABLE IF NOT EXISTS bees (
	bees_id integer PRIMARY KEY,
	bees_txt text NOT NULL,
	date_added DATETIME DEFAULT CURRENT_TIMESTAMP
);

-- Dumping data for table bees.bees: -1 rows
/*!40000 ALTER TABLE "bees" DISABLE KEYS */;
INSERT INTO "bees" ("bees_id", "bees_txt", "date_added") VALUES
	(1, 'What if bees could come out of a hypothetical situation?', '2022-02-01 00:20:24'),
	(2, 'What if bees were intolerant of hornets?', '2022-02-01 00:20:24'),
	(3, 'What if bees were made of smaller bees?', '2022-02-01 00:20:24'),
	(4, 'What if bees were made out of BIGGER bees?', '2022-02-01 00:20:24'),
	(5, 'What if you picked up a phone and instead of a phone it was bees?', '2022-02-01 00:20:24'),
	(6, 'What if there was a photo of bees?', '2022-02-01 00:20:24'),
	(7, 'What if there were a bunch of bees on a plane?', '2022-02-01 00:20:24'),
	(8, 'What if the dinosaurs were killed by bees?', '2022-02-01 00:20:24'),
	(9, 'What if the dinosaurs WERE bees?', '2022-02-01 00:20:24'),
	(10, 'What if your Facebook beecomes infested with bees?', '2022-02-01 00:20:24'),
	(11, 'What if bees hacked your Facebook?', '2022-02-01 00:20:24'),
	(12, 'What if someone wrote on your wall about bees?', '2022-02-01 00:20:24'),
	(13, 'What if cats vomited bees?', '2022-02-01 00:20:24'),
	(14, 'What if bees could travel through paintings?', '2022-02-01 00:20:24'),
	(15, 'What if bees was a science and was subject to bee review?', '2022-02-01 00:20:24'),
	(16, 'What if bees are contagious?', '2022-02-01 00:20:24'),
	(17, 'What if there was a bee gun?', '2022-02-01 00:20:24'),
	(18, 'What if you forgot to reload the bee gun?', '2022-02-01 00:20:24'),
	(19, 'What if the computer monitor could produce bees?', '2022-02-01 00:20:24'),
	(20, 'What if bees start demanding civil rights?', '2022-02-01 00:20:24'),
	(21, 'What if the Magna Carta has been bees the whole time?', '2022-02-01 00:20:24'),
	(22, 'What if rabbits swore allegiance to the bees?', '2022-02-01 00:20:24'),
	(23, 'What if Chinese bees?', '2022-02-01 00:20:24'),
	(24, 'What if millennial bees?', '2022-02-01 00:20:24'),
	(25, 'What if bees were four-dimensional?', '2022-02-01 00:20:24'),
	(26, 'What if bees were time-travelers?', '2022-02-01 00:20:24'),
	(27, 'What if time travel turns you into bees?', '2022-02-01 00:20:24'),
	(28, 'What if time travel requires bees?', '2022-02-01 00:20:24'),
	(29, 'What if you could replace explosions with bees?', '2022-02-01 00:20:24'),
	(30, 'What if instead of movies there were bees?', '2022-02-01 00:20:24'),
	(31, 'What if you could buy bees on the black market?', '2022-02-01 00:20:24'),
	(32, 'What if bees are accepted as payment in Hawaii?', '2022-02-01 00:20:24'),
	(33, 'What if instead of throwing beeads on Mardi Gras you threw bees?', '2022-02-01 00:20:24'),
	(34, 'What if bees wrote a travelogue?', '2022-02-01 00:20:24'),
	(35, 'What if the travelogue was just bees?', '2022-02-01 00:20:24'),
	(36, 'What if you eloped with bees?', '2022-02-01 00:20:24'),
	(37, 'What if you served refreshments to bees?', '2022-02-01 00:20:24'),
	(38, 'What if someone mentions bees?', '2022-02-01 00:20:24'),
	(39, 'What if bees formed a religion?', '2022-02-01 00:20:24'),
	(40, 'What if that religion involved clockwork bees?', '2022-02-01 00:20:24'),
	(41, 'What if bees had a polite disagreement?', '2022-02-01 00:20:24'),
	(42, 'What if bees were paid to rake leaves?', '2022-02-01 00:20:24'),
	(43, 'What if bees were in the guise of a tundra?', '2022-02-01 00:20:24'),
	(44, 'What if bees are taking over your dreams?', '2022-02-01 00:20:24'),
	(45, 'What if you controlled bees with your dreams?', '2022-02-01 00:20:24'),
	(46, 'What if fictional characters happened to bee bees?', '2022-02-01 00:20:24'),
	(47, 'What if bees were aliens?', '2022-02-01 00:20:24'),
	(48, 'What if bees come from the bee lair beeneath the Earth?', '2022-02-01 00:20:24'),
	(49, 'What if bees could blow people up with the blink of an eye?', '2022-02-01 00:20:24'),
	(50, 'What if bees were a superhero?', '2022-02-01 00:20:24'),
	(51, 'What if you could mail-order bees?', '2022-02-01 00:20:24'),
	(52, 'What if the store has a sale on bees?', '2022-02-01 00:20:24'),
	(53, 'What if the bees had a gay pride parade?', '2022-02-01 00:20:24'),
	(54, 'What if bees went to the parade with no clothes?', '2022-02-01 00:20:24'),
	(55, 'What if they accidentally intentionally paved over bees?', '2022-02-01 00:20:24'),
	(56, 'What if I accidentally bees?', '2022-02-01 00:20:24'),
	(57, 'What if bees could live in any hollow area?', '2022-02-01 00:20:24'),
	(58, 'What if bees were secret agents?', '2022-02-01 00:20:24'),
	(59, 'What if you and bees had highly different taste in music?', '2022-02-01 00:20:24'),
	(60, 'What if plants danced to attract bees?', '2022-02-01 00:20:24'),
	(61, 'What if bees swarmed around and stung people?', '2022-02-01 00:20:24'),
	(62, 'What if bees are just mad beecause someone cut them off in traffic?', '2022-02-01 00:20:24'),
	(63, 'What if bees could disrupt your wifi?', '2022-02-01 00:20:24'),
	(64, 'What if bees were replaced with a numerical code?', '2022-02-01 00:20:24'),
	(65, 'What if bees resembled bees?', '2022-02-01 00:20:24'),
	(66, 'What if bees resembled DIFFERENT bees?', '2022-02-01 00:20:24'),
	(67, 'What if bees were exactly like the movie?', '2022-02-01 00:20:24'),
	(68, 'What if bees used magic to become good at dabbing?', '2022-02-01 00:20:24'),
	(69, 'What if each anime was a different color of bee?', '2022-02-01 00:20:24'),
	(70, 'What if bees were nocturnal and sucked blood?', '2022-02-01 00:20:24'),
	(71, 'What if bees and werewolves were sworn enemies?', '2022-02-01 00:20:24'),
	(72, 'What if dogs were unable to perceive bees?', '2022-02-01 00:20:24'),
	(73, 'What if bees had subwoofers?', '2022-02-01 00:20:24'),
	(74, 'What if nobody realized that the bees had an evil plan?', '2022-02-01 00:20:24'),
	(75, 'What if bees were censored by the government?', '2022-02-01 00:20:24'),
	(76, 'What if transition metals reacted with bees?', '2022-02-01 00:20:24'),
	(77, 'What if bees framed a politician for larceny?', '2022-02-01 00:20:24'),
	(78, 'What if bees had ties to organized crime?', '2022-02-01 00:20:24'),
	(79, 'What if bees unwittingly morphed into bricks during the full moon?', '2022-02-01 00:20:24'),
	(80, 'What if someone wrote a book about bees?', '2022-02-01 00:20:24'),
	(81, 'What if bees were computer illiterate?', '2022-02-01 00:20:24'),
	(82, 'What if I''m bees?', '2022-02-01 00:20:24'),
	(83, 'What if bees misread directions and killed a lemon tree?', '2022-02-01 00:20:24'),
	(84, 'What if bees were an accurate description of the concept of the assembly line?', '2022-02-01 00:20:24'),
	(85, 'What if Willy Wonka was prepared for bees?', '2022-02-01 00:20:24'),
	(86, 'What if bees had fetishes?', '2022-02-01 00:20:24'),
	(87, 'What if bees could vibrate through walls and discern motives?', '2022-02-01 00:20:24'),
	(88, 'What if bees were put on the No-Fly list?', '2022-02-01 00:20:24'),
	(89, 'What if bees were mistaken for a Russian psyop?', '2022-02-01 00:20:24'),
	(90, 'What if bees overran a mental institution?', '2022-02-01 00:20:24'),
	(91, 'What if bees had daydreams about becoming lemurs?', '2022-02-01 00:20:24'),
	(92, 'What if there was a wiki about bees?', '2022-02-01 00:20:24'),
	(93, 'What if Wikipedia was bees?', '2022-02-01 00:20:24'),
	(94, 'What if bees killed me mid-sen', '2022-02-01 00:20:24'),
	(95, 'I don''t recall, try again later. Bees. BEEEEES.', '2022-02-01 00:20:24'),
	(96, 'BEE in hexadecimal is 1646 in decimal form.', '2022-02-01 00:20:24'),
	(97, 'I think I caught it part way through, where the guy finds bees in his bed.', '2022-02-01 00:20:24'),
	(98, 'TV is bees.', '2022-02-01 00:20:24'),
	(99, 'I tried writing, but then the paper was bees.', '2022-02-01 00:20:24'),
	(100, 'BEES DO NOT GO THERE', '2022-02-01 00:20:25'),
	(101, '██████ came over today, and she screamed because of the bees.', '2022-02-01 00:20:25'),
	(102, 'Now she is bees.', '2022-02-01 00:20:25'),
	(103, 'I wonder why I''m not bees.', '2022-02-01 00:20:25'),
	(104, 'Do bees know they are bees?', '2022-02-01 00:20:25'),
	(105, 'Pavement is mostly not bees.', '2022-02-01 00:20:25'),
	(106, 'hospital is bees.', '2022-02-01 00:20:25'),
	(107, 'My glasses were definitely bees.', '2022-02-01 00:20:25'),
	(108, 'Except that the mole is bees.', '2022-02-01 00:20:25'),
	(109, 'I forgot to mention that the bees were eating the doctor.', '2022-02-01 00:20:25'),
	(110, 'I am bees.', '2022-02-01 00:20:25'),
	(111, 'What if bees shot people with a bee-bee gun?', '2022-02-01 00:24:52'),
	(112, 'What if bees?', '2022-02-01 00:24:52'),
	(113, 'What if bees didn''t have a C compiler?', '2022-02-01 00:24:52'),
	(114, 'What if bees used a B compiler?', '2022-02-01 00:24:52'),
	(115, 'What if bees are actually bees?', '2022-02-01 00:24:52'),
	(116, 'To bee or not to bee?', '2022-02-01 00:26:40'),
	(117, 'What if bees were buzzer friendly?', '2022-02-01 00:26:40'),
	(118, 'What if bees were beesexual?', '2022-02-01 00:26:40'),
	(119, 'What if knees are the knees bees?', '2022-02-01 00:26:40'),
	(120, 'What if bees put honey in your stockings?', '2022-02-01 00:26:40'),
	(121, 'What if bees traded beecoin on the beechain?', '2022-02-01 00:26:40'),
	(122, 'What if bees were refreshments?', '2022-02-01 00:26:40'),
	(123, 'What if bees could put marks in sands?', '2022-02-01 00:31:18'),
	(124, 'What if bees played Simon says?', '2022-02-01 00:31:18'),
	(125, 'What if you could bees?!', '2022-02-01 00:31:18'),
	(126, 'What if bees were insect helicopters?', '2022-02-01 00:33:10'),
	(127, 'What if poutine was 75% bees?', '2022-02-01 00:33:10'),
	(128, 'What if bees ran for president?', '2022-02-01 00:33:10'),
	(129, 'What would you bee?', '2022-02-01 00:33:10'),
	(130, 'OOPS! Bees went over duck''s head!', '2022-02-01 00:33:10'),
	(131, 'What if bees had buzzcuts?', '2022-02-01 00:33:10'),
	(132, 'What if bees went down to kokomo?', '2022-02-01 00:33:10'),
	(133, 'Gee! What if bees were stayin'' alive?', '2022-02-01 00:33:10'),
	(134, 'What if bees could make sausages?', '2022-02-01 00:33:10'),
	(135, 'What if bees would be god then?', '2022-02-01 00:33:10'),
	(136, 'What if bees made sausage from eggs?', '2022-02-01 00:33:10'),
	(137, 'Now if bees made beer.', '2022-02-01 00:33:10'),
	(138, 'What if bees were crisbee?', '2022-02-01 00:33:10'),
	(139, 'What if bees are pizza?', '2022-02-01 00:33:10'),
	(140, 'What if bees were bees?', '2022-02-01 00:33:10'),
	(141, 'What if bees refactored the databees?', '2022-02-01 00:33:10'),
	(142, 'What if bees ate pollen knowing it''s flower cum?', '2022-02-01 07:35:51');
/*!40000 ALTER TABLE "bees" ENABLE KEYS */;

-- Dumping structure for table bees.bees_sources
CREATE TABLE IF NOT EXISTS "bees_sources" (
	"bees_id" INTEGER NOT NULL,
	"sources_id" INTEGER NOT NULL,
	PRIMARY KEY ("bees_id", "sources_id"),
	CONSTRAINT "FK__bees" FOREIGN KEY ("bees_id") REFERENCES "bees" ("bees_id") ON UPDATE NO ACTION ON DELETE NO ACTION,
	CONSTRAINT "FK__sources" FOREIGN KEY ("sources_id") REFERENCES "sources" ("source_id") ON UPDATE NO ACTION ON DELETE NO ACTION
);

-- Dumping data for table bees.bees_sources: -1 rows
/*!40000 ALTER TABLE "bees_sources" DISABLE KEYS */;
INSERT INTO "bees_sources" ("bees_id", "sources_id") VALUES
	(1, 1),
	(2, 1),
	(3, 1),
	(4, 1),
	(5, 1),
	(6, 1),
	(7, 1),
	(8, 1),
	(9, 1),
	(10, 1),
	(11, 1),
	(12, 1),
	(13, 1),
	(14, 1),
	(15, 1),
	(16, 1),
	(17, 1),
	(18, 1),
	(19, 1),
	(20, 1),
	(21, 1),
	(22, 1),
	(23, 1),
	(24, 1),
	(25, 1),
	(26, 1),
	(27, 1),
	(28, 1),
	(29, 1),
	(30, 1),
	(31, 1),
	(32, 1),
	(33, 1),
	(34, 1),
	(35, 1),
	(36, 1),
	(37, 1),
	(38, 1),
	(39, 1),
	(40, 1),
	(41, 1),
	(42, 1),
	(43, 1),
	(44, 1),
	(45, 1),
	(46, 1),
	(47, 1),
	(48, 1),
	(49, 1),
	(50, 1),
	(51, 1),
	(52, 1),
	(53, 1),
	(54, 1),
	(55, 1),
	(56, 1),
	(57, 1),
	(58, 1),
	(59, 1),
	(60, 1),
	(61, 1),
	(62, 1),
	(63, 1),
	(64, 1),
	(65, 1),
	(66, 1),
	(67, 1),
	(68, 1),
	(69, 1),
	(70, 1),
	(71, 1),
	(72, 1),
	(73, 1),
	(74, 1),
	(75, 1),
	(76, 1),
	(77, 1),
	(78, 1),
	(79, 1),
	(80, 1),
	(81, 1),
	(82, 1),
	(83, 1),
	(84, 1),
	(85, 1),
	(86, 1),
	(87, 1),
	(88, 1),
	(89, 1),
	(90, 1),
	(91, 1),
	(92, 1),
	(93, 1),
	(94, 1),
	(95, 1),
	(96, 1),
	(97, 1),
	(98, 1),
	(99, 1),
	(100, 1),
	(101, 1),
	(102, 1),
	(103, 1),
	(104, 1),
	(105, 1),
	(106, 1),
	(107, 1),
	(108, 1),
	(109, 1),
	(110, 1),
	(111, 2),
	(112, 3),
	(113, 4),
	(114, 5),
	(115, 6),
	(116, 7),
	(117, 7),
	(118, 7),
	(119, 7),
	(120, 7),
	(121, 7),
	(122, 7),
	(123, 8),
	(124, 9),
	(125, 10),
	(126, 11),
	(127, 12),
	(128, 12),
	(129, 12),
	(130, 12),
	(131, 12),
	(132, 12),
	(133, 13),
	(134, 11),
	(136, 13),
	(137, 15),
	(138, 13),
	(139, 11),
	(140, 11),
	(141, 7),
	(135, 11),
	(135, 13),
	(142, 11);
/*!40000 ALTER TABLE "bees_sources" ENABLE KEYS */;

-- Dumping structure for table bees.sources
CREATE TABLE IF NOT EXISTS sources (
	source_id integer PRIMARY KEY,
	source_name text NOT NULL
);

-- Dumping data for table bees.sources: -1 rows
/*!40000 ALTER TABLE "sources" DISABLE KEYS */;
INSERT INTO "sources" ("source_id", "source_name") VALUES
	(1, 'https://scp-wiki.wikidot.com/bees'),
	(2, '_Dark_Star_'),
	(3, 'RaptorJesus'),
	(4, 'dolemite7'),
	(5, 'lunchslut'),
	(6, 'z-cat'),
	(7, 'anonymous'),
	(8, 'ref to sandsmark'),
	(9, 'ref to larsivsi'),
	(10, 'fury'),
	(11, 'zenguy'),
	(12, 'buZz'),
	(13, 'louipc'),
	(15, 'crispee');
/*!40000 ALTER TABLE "sources" ENABLE KEYS */;

/*!40101 SET SQL_MODE=IFNULL(@OLD_SQL_MODE, '') */;
/*!40014 SET FOREIGN_KEY_CHECKS=IFNULL(@OLD_FOREIGN_KEY_CHECKS, 1) */;
/*!40101 SET CHARACTER_SET_CLIENT=@OLD_CHARACTER_SET_CLIENT */;
/*!40111 SET SQL_NOTES=IFNULL(@OLD_SQL_NOTES, 1) */;
